{
  "controller/OrgnizationManagement-dbg.controller.js": 1724242809000,
  "controller/App.controller.js": 1726811933798,
  "model/formatter.js": 1725443672858,
  "controller/UserManagement.controller.js": 1724243424000,
  "controller/RegisterNewOrg.controller.js": 1724307552000,
  "controller/OrgnizationManagement.controller.js": 1724242809000,
  "controller/ManageOrgnization.controller.js": 1724064159000,
  "controller/MailProcessor.controller.js": 1727245461635,
  "controller/MailBox.controller.js": 1727260354273,
  "controller/InvoiceApp.controller.js": 1727536476802,
  "controller/HomeDetail.controller.js": 1727255507116,
  "controller/Home.controller.js": 1727248301558,
  "controller/EmailReaderLog.controller.js": 1723791986000,
  "controller/EmailAccountConfiguration.controller.js": 1727509186206,
  "controller/ConfiguredMail.controller.js": 1727549391113,
  "model/models.js": 1722933939000,
  "manifest.json": 1727551260643,
  "Component.js": 1722933939000,
  "model/formatter-dbg.js": 1725443672858,
  "model/formatter.js.map": 1727551260754,
  "controller/App-dbg.controller.js": 1726811933798,
  "controller/App.controller.js.map": 1727551260769,
  "controller/UserManagement-dbg.controller.js": 1724243424000,
  "controller/UserManagement.controller.js.map": 1727551260760,
  "controller/RegisterNewOrg-dbg.controller.js": 1724307552000,
  "controller/RegisterNewOrg.controller.js.map": 1727551260768,
  "i18n/i18n.properties": 1722933941000,
  "controller/OrgnizationManagement.controller.js.map": 1727551260756,
  "controller/ManageOrgnization-dbg.controller.js": 1724064159000,
  "controller/ManageOrgnization.controller.js.map": 1727551260758,
  "controller/MailProcessor-dbg.controller.js": 1727245461635,
  "controller/MailProcessor.controller.js.map": 1727551260771,
  "controller/MailBox-dbg.controller.js": 1727260354273,
  "controller/MailBox.controller.js.map": 1727551260775,
  "controller/InvoiceApp-dbg.controller.js": 1727536476802,
  "controller/InvoiceApp.controller.js.map": 1727551260790,
  "controller/HomeDetail-dbg.controller.js": 1727255507116,
  "controller/HomeDetail.controller.js.map": 1727551260776,
  "controller/Home-dbg.controller.js": 1727248301558,
  "controller/Home.controller.js.map": 1727551260777,
  "controller/EmailReaderLog-dbg.controller.js": 1723791986000,
  "controller/EmailReaderLog.controller.js.map": 1727551260776,
  "controller/EmailAccountConfiguration-dbg.controller.js": 1727509186206,
  "controller/EmailAccountConfiguration.controller.js.map": 1727551260800,
  "controller/ConfiguredMail-dbg.controller.js": 1727549391113,
  "controller/ConfiguredMail.controller.js.map": 1727551260779,
  "model/models-dbg.js": 1722933939000,
  "model/models.js.map": 1727551260783,
  "Component-dbg.js": 1722933939000,
  "Component.js.map": 1727551260785,
  "Component-preload.js": 1727551260956,
  "Component-preload.js.map": 1727551260956,
  "view/UserManagement.view.xml": 1724243534000,
  "view/RegisterNewOrg.view.xml": 1723118869000,
  "view/OrgnizationManagement.view.xml": 1724243203000,
  "view/ManageOrgnization.view.xml": 1724064285000,
  "view/MailProcessor.view.xml": 1727259083038,
  "view/MailBox.view.xml": 1727259933388,
  "view/InvoiceApp.view.xml": 1727536308542,
  "view/HomeDetail.view.xml": 1727258123862,
  "view/Home.view.xml": 1727071282044,
  "view/EmailReaderLog.view.xml": 1723793127000,
  "view/EmailAccountConfiguration.view.xml": 1727509496007,
  "view/ConfiguredMail.view.xml": 1727549312665,
  "view/App.view.xml": 1726813652126,
  "images/incresollogo.png": 1722934137000,
  "images/incresolimage.jpg": 1723572570000,
  "fragments/TermsDialog.fragment.xml": 1723574815000,
  "fragments/SignInChoice.fragment.xml": 1724231018000,
  "fragments/PanelFragment.fragment.xml": 1727258451349,
  "fragments/OcrDialog.fragment.xml": 1727432038993,
  "fragments/AttachmentDialog.fragment.xml": 1727268932753,
  "fragments/Attachment.fragment.xml": 1726560507742,
  "css/style.css": 1727256833961,
  "index.html": 1722933939000
}